"group","level","h1"
"Black",1,0.4233492
"Black",2,0.5564529
"Black",3,0.5483919
"Black",4,0.5284334
"Black",5,0.5865035
"Black",6,0.6153148
"Black",7,0.6076462
"Black",8,0.5845814
"Black",9,0.6058911
"Black",10,0.6201595
"White",1,0.4233492
"White",2,0.5564529
"White",3,0.5483919
"White",4,0.5284334
"White",5,0.5865035
"White",6,0.6153148
"White",7,0.6076462
"White",8,0.5845814
"White",9,0.6058911
"White",10,0.6201595
