"group","r","omega","phi","delta","psi","gamma","kappa_0","kappa_1","kappa_2","eta"
"Black",0.04,1,0.933478226918469,0.00014307028605,0.290967448714204,2.41008208693901,-0.205270021003969,0.005398330667733,-0.00183500388452,2.1359350945086
"White",0.04,1,0.933478226918469,0.00014307028605,0.287202109742904,2.38664477311145,0.449757430176733,-0.062709580104395,-0.000329781429196,2.31136154197133
